Model,Accuracy,Precision,Recall,F1 Score
Logistic Regression,0.7918781725888325,0.8151447661469933,0.9014778325123153,0.856140350877193
Random Forest,0.9983079526226735,0.9975429975429976,1.0,0.998769987699877
Decision Tree,1.0,1.0,1.0,1.0
SVM,0.8138747884940778,0.8162393162393162,0.9408866995073891,0.8741418764302059
Naive Bayes,0.8138747884940778,0.857487922705314,0.874384236453202,0.8658536585365854
KNN,0.7021996615905245,0.7263779527559056,0.9088669950738916,0.8074398249452954
Gradient Boosting,0.9983079526226735,0.9975429975429976,1.0,0.998769987699877
